Model,Image URL,Shop,City,Price
E-Motion Fatbike GT 48V 16Ah 1000W,https://s.ek.ua/jpg/2509055.jpg,Rozetka.ua (Київ) →,Київ,10890
E-Motion Fatbike GT 48V 16Ah 1000W,https://s.ek.ua/jpg/2509055.jpg,Rozetka.ua (Київ) →,Київ,42560
E-Motion Fatbike GT 48V 16Ah 1000W,https://s.ek.ua/jpg/2509055.jpg,Rozetka.ua (Київ) →,Київ,43890
E-Motion Fatbike GT 48V 16Ah 1000W,https://s.ek.ua/jpg/2509055.jpg,Rozetka.ua (Київ) →,Київ,49060
E-Motion Fatbike GT 48V 16Ah 1000W,https://s.ek.ua/jpg/2509055.jpg,Rozetka.ua (Київ) →,Київ,54500
E-Motion Fatbike GT 48V 16Ah 1000W,https://s.ek.ua/jpg/2509055.jpg,Rozetka.ua (Київ) →,Київ,49741
E-Motion Fatbike GT 48V 16Ah 1000W,https://s.ek.ua/jpg/2509055.jpg,Rozetka.ua (Київ) →,Київ,43890
ENGWE EP-2 Pro 750W,https://s.ek.ua/jpg/2456617.jpg,Touch (Дніпро) →,Дніпро,38990
ENGWE EP-2 Pro 750W,https://s.ek.ua/jpg/2456617.jpg,Ecodrive.in.ua (Київ) →,Київ,38990
ENGWE EP-2 Pro 750W,https://s.ek.ua/jpg/2456617.jpg,Lisoped.ua (Київ) →,Київ,40612
ENGWE EP-2 Pro 750W,https://s.ek.ua/jpg/2456617.jpg,Ebox24.biz (Львів) →,Львів,48107
ENGWE EP-2 Pro 750W,https://s.ek.ua/jpg/2456617.jpg,click24.biz (Львів) →,Львів,48316
ENGWE EP-2 Pro 750W,https://s.ek.ua/jpg/2456617.jpg,Rozetka.ua (Київ) →,Київ,43488
ENGWE EP-2 Pro 750W,https://s.ek.ua/jpg/2456617.jpg,Touch (Дніпро) →,Дніпро,39139
Discovery Rider AM DD 26 2022 frame 16,https://s.ek.ua/jpg/2379227.jpg,Lisoped.ua (Київ) →,Київ,7062
Discovery Rider AM DD 26 2022 frame 16,https://s.ek.ua/jpg/2379227.jpg,Groosha.ua (Київ) →,Київ,7320
Discovery Rider AM DD 26 2022 frame 16,https://s.ek.ua/jpg/2379227.jpg,Rozetka.ua (Київ) →,Київ,7062
Discovery Rider AM DD 26 2022 frame 16,https://s.ek.ua/jpg/2379227.jpg,Rozetka.ua (Київ) →,Київ,6799
Discovery Rider AM DD 26 2022 frame 16,https://s.ek.ua/jpg/2379227.jpg,Rozetka.ua (Київ) →,Київ,6799
Formula Motion AM DD 29 2022 frame 17,https://s.ek.ua/jpg/2398990.jpg,Groosha.ua (Київ) →,Київ,9547
Formula Motion AM DD 29 2022 frame 17,https://s.ek.ua/jpg/2398990.jpg,Rozetka.ua (Київ) →,Київ,9548
Formula Motion AM DD 29 2022 frame 17,https://s.ek.ua/jpg/2398990.jpg,Rozetka.ua (Київ) →,Київ,10329
Discovery Trek AM DD 29 2024 frame 19,https://s.ek.ua/jpg/2624838.jpg,Stylus.ua (Київ) →,Київ,7803
Discovery Trek AM DD 29 2024 frame 19,https://s.ek.ua/jpg/2624838.jpg,Цифра (Київ) →,Київ,7803
Discovery Trek AM DD 29 2024 frame 19,https://s.ek.ua/jpg/2624838.jpg,Lisoped.ua (Київ) →,Київ,7556
Discovery Trek AM DD 29 2024 frame 19,https://s.ek.ua/jpg/2624838.jpg,Q-techno.com.ua (Київ) →,Київ,7548
Discovery Trek AM DD 29 2024 frame 19,https://s.ek.ua/jpg/2624838.jpg,Comtrading.ua (Київ) →,Київ,7802
Discovery Trek AM DD 29 2024 frame 19,https://s.ek.ua/jpg/2624838.jpg,Brain.com.ua (Київ) →,Київ,7802
Discovery Trek AM DD 29 2024 frame 19,https://s.ek.ua/jpg/2624838.jpg,Kvshop.com.ua (Київ) →,Київ,7802
AZIMUT Power 26,https://s.ek.ua/jpg/407038.jpg,Lisoped.ua (Київ) →,Київ,7000
AZIMUT Power 26,https://s.ek.ua/jpg/407038.jpg,Lisoped.ua (Київ) →,Київ,7000
Leon Matterhorn 500W 29 2022,https://s.ek.ua/jpg/2418488.jpg,Touch (Дніпро) →,Дніпро,43095
Leon Matterhorn 500W 29 2022,https://s.ek.ua/jpg/2418488.jpg,Unisport.ua (Харків) →,Харків,44200
Leon Matterhorn 500W 29 2022,https://s.ek.ua/jpg/2418488.jpg,Lisoped.ua (Київ) →,Київ,44200
Leon Matterhorn 500W 29 2022,https://s.ek.ua/jpg/2418488.jpg,Rozetka.ua (Київ) →,Київ,50850
Leon Matterhorn 500W 29 2022,https://s.ek.ua/jpg/2418488.jpg,Rozetka.ua (Київ) →,Київ,54382
Leon Matterhorn 500W 29 2022,https://s.ek.ua/jpg/2418488.jpg,Rozetka.ua (Київ) →,Київ,52190
Leon Matterhorn 500W 29 2022,https://s.ek.ua/jpg/2418488.jpg,Rozetka.ua (Київ) →,Київ,47884
HIMO C26,https://s.ek.ua/jpg/1891360.jpg,АЛЛО (Київ) →,Київ,52999
HIMO C26,https://s.ek.ua/jpg/1891360.jpg,Touch (Дніпро) →,Дніпро,51090
HIMO C26,https://s.ek.ua/jpg/1891360.jpg,Comtrading.ua (Київ) →,Київ,52999
HIMO C26,https://s.ek.ua/jpg/1891360.jpg,Ebox24.biz (Львів) →,Львів,57049
HIMO C26,https://s.ek.ua/jpg/1891360.jpg,Rozetka.ua (Київ) →,Київ,55999
HIMO C26,https://s.ek.ua/jpg/1891360.jpg,АЛЛО (Київ) →,Київ,52999
HIMO C26,https://s.ek.ua/jpg/1891360.jpg,Rozetka.ua (Київ) →,Київ,59486
Fiido M1 Pro,https://s.ek.ua/jpg/2509024.jpg,АЛЛО (Київ) →,Київ,42999
Fiido M1 Pro,https://s.ek.ua/jpg/2509024.jpg,Rozetka.ua (Київ) →,Київ,48800
Corrado Fortun MTB 26,https://s.ek.ua/jpg/431413.jpg,АЛЛО (Київ) →,Київ,11699
Corrado Fortun MTB 26,https://s.ek.ua/jpg/431413.jpg,Stylus.ua (Київ) →,Київ,8918
Corrado Fortun MTB 26,https://s.ek.ua/jpg/431413.jpg,Цифра (Київ) →,Київ,8843
Corrado Fortun MTB 26,https://s.ek.ua/jpg/431413.jpg,Tviy-Dim.com (Київ) →,Київ,8313
Corrado Fortun MTB 26,https://s.ek.ua/jpg/431413.jpg,Q-techno.com.ua (Київ) →,Київ,8237
Corrado Fortun MTB 26,https://s.ek.ua/jpg/431413.jpg,Comtrading.ua (Київ) →,Київ,7760
Corrado Fortun MTB 26,https://s.ek.ua/jpg/431413.jpg,Brain.com.ua (Київ) →,Київ,7962
Ardis Titan 29 frame 19.5,https://s.ek.ua/jpg/1762899.jpg,АЛЛО (Київ) →,Київ,13949
Ardis Titan 29 frame 19.5,https://s.ek.ua/jpg/1762899.jpg,Groosha.ua (Київ) →,Київ,13206
Ardis Titan 29 frame 19.5,https://s.ek.ua/jpg/1762899.jpg,Rozetka.ua (Київ) →,Київ,14693
Ardis Titan 29 frame 19.5,https://s.ek.ua/jpg/1762899.jpg,Rozetka.ua (Київ) →,Київ,14693
Discovery Bastion AM DD 29 2024 frame 21,https://s.ek.ua/jpg/2624882.jpg,Lisoped.ua (Київ) →,Київ,8449
Discovery Bastion AM DD 29 2024 frame 21,https://s.ek.ua/jpg/2624882.jpg,Groosha.ua (Київ) →,Київ,9032
Discovery Bastion AM DD 29 2024 frame 21,https://s.ek.ua/jpg/2624882.jpg,Rozetka.ua (Київ) →,Київ,8449
Discovery Bastion AM DD 29 2024 frame 21,https://s.ek.ua/jpg/2624882.jpg,Rozetka.ua (Київ) →,Київ,10130
Discovery Trek AM DD 29 2022 frame 19,https://s.ek.ua/jpg/2397221.jpg,Lisoped.ua (Київ) →,Київ,7886
Discovery Trek AM DD 29 2022 frame 19,https://s.ek.ua/jpg/2397221.jpg,Q-techno.com.ua (Київ) →,Київ,7899
Discovery Trek AM DD 29 2022 frame 19,https://s.ek.ua/jpg/2397221.jpg,Comtrading.ua (Київ) →,Київ,7692
Discovery Trek AM DD 29 2022 frame 19,https://s.ek.ua/jpg/2397221.jpg,Brain.com.ua (Київ) →,Київ,7899
Discovery Trek AM DD 29 2022 frame 19,https://s.ek.ua/jpg/2397221.jpg,Kvshop.com.ua (Київ) →,Київ,7899
Discovery Trek AM DD 29 2022 frame 19,https://s.ek.ua/jpg/2397221.jpg,Itbox.ua (Київ) →,Київ,7899
Discovery Trek AM DD 29 2022 frame 19,https://s.ek.ua/jpg/2397221.jpg,Groosha.ua (Київ) →,Київ,7899
DYU C6,https://s.ek.ua/jpg/2450811.jpg,Ecodrive.in.ua (Київ) →,Київ,25490
DYU C6,https://s.ek.ua/jpg/2450811.jpg,Ebox24.biz (Львів) →,Львів,27904
DYU C6,https://s.ek.ua/jpg/2450811.jpg,click24.biz (Львів) →,Львів,29730
DYU C6,https://s.ek.ua/jpg/2450811.jpg,Rozetka.ua (Київ) →,Київ,30633
DYU C6,https://s.ek.ua/jpg/2450811.jpg,Ecodrive.in.ua (Київ) →,Київ,25990
DYU C6,https://s.ek.ua/jpg/2450811.jpg,Ebox24.biz (Львів) →,Львів,29601
DYU C6,https://s.ek.ua/jpg/2450811.jpg,Ebox24.biz (Львів) →,Львів,29601
Cyclone SX 2024 frame XL,https://s.ek.ua/jpg/2624794.jpg,VeloGO.com.ua (Київ) →,Київ,27183
Cyclone SX 2024 frame XL,https://s.ek.ua/jpg/2624794.jpg,Lisoped.ua (Київ) →,Київ,27183
Cyclone SX 2024 frame XL,https://s.ek.ua/jpg/2624794.jpg,Groosha.ua (Київ) →,Київ,27183
Cyclone SX 2024 frame XL,https://s.ek.ua/jpg/2624794.jpg,VeloGO.com.ua (Київ) →,Київ,27183
Cyclone SX 2024 frame XL,https://s.ek.ua/jpg/2624794.jpg,VeloGO.com.ua (Київ) →,Київ,27183
Cyclone SX 2024 frame XL,https://s.ek.ua/jpg/2624794.jpg,Lisoped.ua (Київ) →,Київ,27183
Cyclone SX 2024 frame XL,https://s.ek.ua/jpg/2624794.jpg,Groosha.ua (Київ) →,Київ,27183
Atlantic Fusion NX 24 2022,https://s.ek.ua/jpg/2399775.jpg,АЛЛО (Київ) →,Київ,5999
Atlantic Fusion NX 24 2022,https://s.ek.ua/jpg/2399775.jpg,Lisoped.ua (Київ) →,Київ,7904
Atlantic Fusion NX 24 2022,https://s.ek.ua/jpg/2399775.jpg,Beskydy.com.ua (Хмельницький) ,Хмельницький,7904
Atlantic Fusion NX 24 2022,https://s.ek.ua/jpg/2399775.jpg,Groosha.ua (Київ) →,Київ,7904
Atlantic Fusion NX 24 2022,https://s.ek.ua/jpg/2399775.jpg,Rozetka.ua (Київ) →,Київ,6175
Crossride Avenue MTB 26,https://s.ek.ua/jpg/1153104.jpg,АЛЛО (Київ) →,Київ,7909
Crossride Avenue MTB 26,https://s.ek.ua/jpg/1153104.jpg,Groosha.ua (Київ) →,Київ,7486
Crossride Avenue MTB 26,https://s.ek.ua/jpg/1153104.jpg,Rozetka.ua (Київ) →,Київ,8328
Author Vertigo 29 2023 frame 18,https://s.ek.ua/jpg/2393161.jpg,Velotime.com.ua (Київ) →,Київ,24110
Author Vertigo 29 2023 frame 18,https://s.ek.ua/jpg/2393161.jpg,Velomarket.org.ua (Київ) →,Київ,24110
Author Vertigo 29 2023 frame 18,https://s.ek.ua/jpg/2393161.jpg,Цифра (Київ) →,Київ,28360
Author Vertigo 29 2023 frame 18,https://s.ek.ua/jpg/2393161.jpg,Stylus.ua (Київ) →,Київ,28360
Author Vertigo 29 2023 frame 18,https://s.ek.ua/jpg/2393161.jpg,Lisoped.ua (Київ) →,Київ,24110
Ardis Titan HB 29 frame 19.5,https://s.ek.ua/jpg/1762925.jpg,АЛЛО (Київ) →,Київ,16269
Ardis Titan HB 29 frame 19.5,https://s.ek.ua/jpg/1762925.jpg,Rozetka.ua (Київ) →,Київ,17132
Ardis Titan HB 29 frame 19.5,https://s.ek.ua/jpg/1762925.jpg,Rozetka.ua (Київ) →,Київ,17132
Discovery Trek AM DD 27.5 2024 frame 19.5,https://s.ek.ua/jpg/2624837.jpg,Stylus.ua (Київ) →,Київ,7745
Discovery Trek AM DD 27.5 2024 frame 19.5,https://s.ek.ua/jpg/2624837.jpg,Цифра (Київ) →,Київ,7745
Discovery Trek AM DD 27.5 2024 frame 19.5,https://s.ek.ua/jpg/2624837.jpg,Lisoped.ua (Київ) →,Київ,7459
Discovery Trek AM DD 27.5 2024 frame 19.5,https://s.ek.ua/jpg/2624837.jpg,Q-techno.com.ua (Київ) →,Київ,7463
Discovery Trek AM DD 27.5 2024 frame 19.5,https://s.ek.ua/jpg/2624837.jpg,Comtrading.ua (Київ) →,Київ,7743
Discovery Trek AM DD 27.5 2024 frame 19.5,https://s.ek.ua/jpg/2624837.jpg,Brain.com.ua (Київ) →,Київ,7743
Discovery Trek AM DD 27.5 2024 frame 19.5,https://s.ek.ua/jpg/2624837.jpg,Kvshop.com.ua (Київ) →,Київ,7743
ENGWE T14 350W,https://s.ek.ua/jpg/2453852.jpg,Touch (Дніпро) →,Дніпро,23079
ENGWE T14 350W,https://s.ek.ua/jpg/2453852.jpg,click24.biz (Львів) →,Львів,28981
ENGWE T14 350W,https://s.ek.ua/jpg/2453852.jpg,Rozetka.ua (Київ) →,Київ,25644
Pride Mini 8 2023,https://s.ek.ua/jpg/2503520.jpg,Velomarket.org.ua (Київ) →,Київ,17000
Pride Mini 8 2023,https://s.ek.ua/jpg/2503520.jpg,VeloGO.com.ua (Київ) →,Київ,17000
Pride Mini 8 2023,https://s.ek.ua/jpg/2503520.jpg,Unisport.ua (Харків) →,Харків,17000
Pride Mini 8 2023,https://s.ek.ua/jpg/2503520.jpg,Lisoped.ua (Київ) →,Київ,17000
Pride Mini 8 2023,https://s.ek.ua/jpg/2503520.jpg,Groosha.ua (Київ) →,Київ,17000
