Title,Price,Location,Date
"Вело багажник, багажник для велосипеда, модульный багажник",550 грн.,Стан: Нове,07 травня 2024 р.
"Вело багажник, багажник для велосипеда, модульный багажник",550 грн.,Стан: Нове,07 травня 2024 р.
Велосипеди з Німеччини 28ʼ планетарка,4 555 грн.,Стан: Вживане,06 травня 2024 р.
Велосипеди з Німеччини 28ʼ планетарка,4 555 грн.,Стан: Вживане,06 травня 2024 р.
"Велосипед Volare Rocky, 12",1 250 грн.,Стан: Вживане,07 травня 2024 р.
"Велосипед Volare Rocky, 12",1 250 грн.,Стан: Вживане,07 травня 2024 р.
Tdyps nabіr 2893,450 грн.,Стан: Нове,Сьогодні о 05:48
Tdyps nabіr 2893,450 грн.,Стан: Нове,Сьогодні о 05:48
Велосипед гірський тотем,4 500 грн.,Стан: Вживане,Сьогодні о 05:48
Велосипед гірський тотем,4 500 грн.,Стан: Вживане,Сьогодні о 05:48
Велосипед дитячий підлітковий,2 500 грн.,Стан: Вживане,Сьогодні о 05:47
Велосипед дитячий підлітковий,2 500 грн.,Стан: Вживане,Сьогодні о 05:47
Велосипед дитячий,1 000 грн.,Зв’язатися з продавцем,Сьогодні о 05:44
Велосипед дитячий,1 000 грн.,Зв’язатися з продавцем,Сьогодні о 05:44
RoyalBaby Space Shuttle,5 500 грн.,Стан: Вживане,Сьогодні о 05:44
RoyalBaby Space Shuttle,5 500 грн.,Стан: Вживане,Сьогодні о 05:44
Велосипед Ragazzi,1 500 грн.,Стан: Вживане,Сьогодні о 05:49
Велосипед Ragazzi,1 500 грн.,Стан: Вживане,Сьогодні о 05:49
Велосипедный багажник,350 грн.,Стан: Вживане,Сьогодні о 05:49
Велосипедный багажник,350 грн.,Стан: Вживане,Сьогодні о 05:49
Велосипед Cube AIM 27.5 2023Rik,350 $,Стан: Вживане,Сьогодні о 05:47
Велосипед Cube AIM 27.5 2023Rik,350 $,Стан: Вживане,Сьогодні о 05:47
Крила   шатуни140  зірка40зубів,150 грн.,Зв’язатися з продавцем,Сьогодні о 05:44
Крила   шатуни140  зірка40зубів,150 грн.,Зв’язатися з продавцем,Сьогодні о 05:44
Седло на велосипед хорошее и удобное,250 грн.,Стан: Нове,Сьогодні о 05:44
Седло на велосипед хорошее и удобное,250 грн.,Стан: Нове,Сьогодні о 05:44
Електро велосипед,350 €,Стан: Нове,07 травня 2024 р.
Електро велосипед,350 €,Стан: Нове,07 травня 2024 р.
Продам велосипед Cube Race ON 29 (Ціна 770€ Торг),33 000 грн.,Стан: Вживане,Сьогодні о 04:08
Продам велосипед Cube Race ON 29 (Ціна 770€ Торг),33 000 грн.,Стан: Вживане,Сьогодні о 04:08
Бмх bmx бем  eastern,6 950 грн.,Стан: Вживане,01 травня 2024 р.
Бмх bmx бем  eastern,6 950 грн.,Стан: Вживане,01 травня 2024 р.
‼️СКЛАД ЦІНА | Електрофетбайк 1000W / 750 W / 20Ah / Запас ходу до 70,37 499 грн.,Стан: Нове,Сьогодні о 05:43
‼️СКЛАД ЦІНА | Електрофетбайк 1000W / 750 W / 20Ah / Запас ходу до 70,37 499 грн.,Стан: Нове,Сьогодні о 05:43
"Велосипед,детский,",1 800 грн.,Стан: Вживане,Сьогодні о 05:45
"Велосипед,детский,",1 800 грн.,Стан: Вживане,Сьогодні о 05:45
Сумка велосипедна для телефону,350 грн.,Стан: Вживане,Сьогодні о 05:48
Сумка велосипедна для телефону,350 грн.,Стан: Вживане,Сьогодні о 05:48
Autor Modus    .,25 000 грн.,Стан: Нове,Сьогодні о 05:54
Autor Modus    .,25 000 грн.,Стан: Нове,Сьогодні о 05:54
"НОВИНКА 2024!! Електровелосипед VOLTO Jump 20"" 1000W 19Ah PAS Чорний",34 999 грн.,Стан: Нове,Сьогодні о 05:45
"НОВИНКА 2024!! Електровелосипед VOLTO Jump 20"" 1000W 19Ah PAS Чорний",34 999 грн.,Стан: Нове,Сьогодні о 05:45
Велосипед Виробництва Німечина,2 500 грн.,Стан: Вживане,Сьогодні о 05:45
Велосипед Виробництва Німечина,2 500 грн.,Стан: Вживане,Сьогодні о 05:45
"29 Велосипед SHIMANO DEORE, Воздушная вилка !!!",14 000 грн.,Стан: Нове,Сьогодні о 05:44
"29 Велосипед SHIMANO DEORE, Воздушная вилка !!!",14 000 грн.,Стан: Нове,Сьогодні о 05:44
Велосипед  ROCKRIDER 100,7 500 грн.,Стан: Вживане,Сьогодні о 05:49
Велосипед  ROCKRIDER 100,7 500 грн.,Стан: Вживане,Сьогодні о 05:49
Велосипед Frera Stratos Due 29,17 000 грн.,Стан: Вживане,Сьогодні о 05:49
Велосипед Frera Stratos Due 29,17 000 грн.,Стан: Вживане,Сьогодні о 05:49
